APP NAME,DEVELOPER EMAIL
7.    Max Antivirus Free 2019,breathsunru@gmail.com
10.    Free Antivirus Plus,aezrieleva1@gmail.com
5.    Snow Drift,info@saygames.by
8.    Brown Dust,Mobilecs@help.pmang.com
2.    FRAG Pro Shooter,support@ohbibi.com
9.    RAID: Shadow Legends,raid.support@plarium.com
11.    Skylanders‚Ñ¢ Ring of Heroes,info@com2us.com
3.    Drag n Merge: Block Puzzle,help@metajoy.io
6.    Ms.Sibyl - See Future Me,msoracle2019@gmail.com
1.    Crowd City,support@voodoo.io
4.    Hello Launcher - Doll Emojis & Themes,hello@nileriver.nl
14.    Memoji Launcher - Animoji & Theme for Android,oatsquakermg@gmail.com
17.    Translate,hopuerastu@gmail.com
20.    1010! Color,1010Color@gram.gs
21.    Photo Editor: Pic Collage,photocollagepro2019@gmail.com
15.    Tower Color,contact@homagames.com
22.    Flat Stomach Workout for Female,pavlushkovad1@gmail.com
18.    üçÑ Super Boy Adventure&Jungle Adventure,new64games2019@gmail.com
"19.    HiddenMe - Aging Camera, Face Scanner",face.mystery.official@gmail.com
16.    Pop Color   Coloring Pages,support@popcolor.freshdesk.com
12.    Cam Calculator - Smart Math Solver,purifynet3@gmail.com
13.    Hidden Hotel,support.hiddenhotel@whaleapp.com
23.    The Royal Affairs,mobilesupport@r2games.com
"27.    Future Me - Aging Scanner, Baby Prediction",fururemeapps@gmail.com
33.    Free Mp3 Music Downloader,musicvideocooldownload@gmail.com
24.    JAWS.io,support@nbcuniversal.mail.helpshift.com
28.    HD Movies Free - Box Office 2019,murni.movie@gmail.com
29.    Free Music APP - Offline Music Player,zushimekuretsu97@gmail.com
30.    Temple Castle Run,edmondmitchellgstuartbalaami@gmail.com
25.    Workout Plan For Women,EmilyEnjoys11@gmail.com
31.    Accurate scanning of QR code,938318107@qq.com
26.    Free Music ‚Äì Online Unlimited Music For Free,developer20190226@gmail.com
32.    Mountain Sniper 3D Shooter,milliongamesnew@gmail.com
41.    Hawaiian Airlines,HAMobileApp@hawaiianair.com
36.    Free Trending Music - Music Player,sheltertb@gmail.com
42.    Free Security lite,oysterFletchered15727@gmail.com
34.    Ganster Tycoon,lucreciawang0709@gmail.com
37.    Juicy Fruit,contact@words-mobile.com
43.    Dodgeball.io,info@rollicgames.com
38.    Poly - Colouring Puzzle Art Book,support@easybrain.com
44.    Gold Miner World Tour,feedback@senspark.com
35.    Daily Fat Burning,wennuan1220@gmail.com
39.    Free Security Plus,gumonokenji50@gmail.com
40.    Go Slice,hello@lucky-kat.com
46.    63red Safe,support@63red.com
45.    Criminal Case: The Conspiracy,help@prettysimplegames.com
51.    My Gamepigeon,libenrmqndavid@gmail.com
50.    Football Field Kick,contact@words-mobile.com
"54.    Daily Pixel ‚Äì Color by Number, Coloring Book Free",developer@quickatom.com
49.    Roller Paint - Splat Puzzle,martgarr936@gmail.com
53.    1945 Classic Arcade,onesoft.studio.game@gmail.com
48.    Car Bumper.io- Bumper car game,gumonokenji50@gmail.com
55.    Gratis Televisi√≥n sin Internet,patapia59@gmail.com
47.    Multicraft Crazy Neighbor for MCPE,Audaiduongxanh1988@gmail.com
52.    King of Crabs,support@robotsquid.com
58.    Principal¬Æ,DLRISMOBILEAPPDEV@exchange.principal.com
64.    HD Movies Free 2019 - Updated Movies,Akshaykumar77760oo@gmail.com
59.    Decurse ‚Äì A New Magic Farming Game,info@bigfishgames.com
65.    My Little Pony Pocket Ponies,support@budgestudios.ca
60.    AxE: Alliance vs Empire,help_axe@nexon.com
66.    Mp3 Music Download,gusrywjd87@gmail.com
"57.    Chest Reshape-Beginner,Intermediate,Advanced",vascmoypc@gmail.com
61.    Home Movies 2019,nofrizalrizal85@gmail.com
56.    Legend of Empress,LOE_service@friendtimes.net
62.    Pot Shot,wen85554@gmail.com
63.    Linn: Path of Orchards,josh@crescentmoongames.com
71.    One Hand Operation +,sec.systemui@samsung.com
75.    Last Human Life on Earth,contact@mouse-games.com
69.    Super-Bright LED Flashlight,franciscoshumateatainhandsome@gmail.com
68.    Boiron Medicine Finder,web@boiron.com
76.    Super Cleaner - Antivirus & Junk Cleaner & Booster,supersmartvirus@gmail.com
70.    Police Car Racing,edmondmitchellgstuartbalaami@gmail.com
67.    Cardboard Clash,gamecardboardclash@service.netease.com
72.    Jewel Maker,v2rstd.service@gmail.com
74.    Pick Me Up‚Ñ¢,support@tastypill.com
73.    Pixels Beauty Camera 2019,beautycamera@outlook.com
77.    HD Movies 2019 - Free HD Movies Online,undangankawin389@gmail.com
79.    Rolly Running,jinwenhai.global@gmail.com
85.    Equalizer -- Bass Booster & Volume EQ &Virtualizer,smartchen2015@gmail.com
80.    Ant Factory,support@greenpandagames.com
88.    Driving Academy 2: Drive&Park Cars Test Simulator,android@games2win.com
82.    Calculator,franciscoshumateatainhandsome@gmail.com
84.    Scary Leprechaun Launcher - Wallpapers and Icons,themeswallpapersicons@gmail.com
86.    New tips for hello neighbor : Tips 2019,BCompany@admin.com
78.    Dodgeball Duel,support@voodoo.io
81.    Free Movies & Tv Shows,wlovin6apps@gmail.com
87.    Call From Ryans Toy Review - Joke,LiveChatWithMe.TT.Destribustion@gmail.com
83.    The Best Love Math,goodgametmdev@gmail.com
89.    Astrology Predictor-Aging Camera&Hand Lines Reader,tinastudio2019@gmail.com
96.    Digital World: Judgement,ys20190214@gmail.com
91.    Music downloader - Best music downloader 2019,black.mobile19star@gmail.com
97.    Idle Guardians - Endless Idle RPG Games,support@bladefirestudios.com
"92.    Photo Frame - collage, template, photo editor",photocollagepro2019@gmail.com
98.    Piano Tiles BTS 2019 - ARMY Love BTS,wingdragon1703@gmail.com
93.    Overkill the Dead: Survival,eKrBlhIOpt@gmail.com
99.    Hello Tamago,ybetrifork@gmail.com
90.    Little Panda's Pet Salon,ser@babybus.com
94.    Akademi School Simulator Knowledge,lesleykumcin@gmail.com
95.    Cooking Journey,Quynhngyu@icloud.com
107.    Female Flat Tummy Workout,kudosumikugire93@gmail.com
102.    Cooking Delicious,Dochikang@hotmail.com
101.    IT Clown Neighbor,spectaculargamescompany@gmail.com
108.    Super Cooler,vaucontdal249@gmail.com
"100.    Deep Calm - Meditate, Sleep, Relax",letitialou754@gmail.com
103.    ELCHRONICLE,help@cravemob.net
106.    Free Robux Now - Earn Robux Free Instructions 2019,usialanjut@gmail.com
104.    Pasco Battery Manager,edenedwina@outlook.com
105.    Idle Monster: Happy Mansion in Click Away Village,help@foranj.com
109.    Free Cam Girls ‚Äì Video Chat with Girls tips,lightmeuptoday@gmail.com
110.    Draw Here: Logic Puzzles,contact.supergamestudio@gmail.com
113.    Workout-Abs&Packs,funmakerdev2018@gmail.com
119.    Merge Dragons Collection,support@gamedevsource.com
118.    Car Simulator 2,oppanagames@gmail.com
114.    Typoman Mobile,ubjcs@aobi.com
117.    Swing Legend,dongpv1060@gmail.com
121.    Square Appointments,support@squareup.com
"120.    Color flashlight: flash on call & sms, flash alert",mydroid0007@gmail.com
112.    KissAnime Watch - GogoAnime TV,kissanime.watch@gmail.com
115.    Drink Cocktail Mix,bellappsgames@gmail.com
111.    Cartoon Network Arcade,advanced.platforms.turner@gmail.com
116.    Unicorn Color Sandbox: Color by Number Free,david.wang.jack@gmail.com
130.    Bud Farm Idle - Hempire Farm Growing Tycoon,chickrice2288@gmail.com
129.    Mega Ramp Car Impossible Stunts,redcornergames@gmail.com
122.    MoMi Music,Gladyshilda471@outlook.com
123.    Orangetheory,google.developer@orangetheoryfitness.com
128.    Shadow Deck: Magic Card Battles TCG,info@noxgames.com
127.    Get Followers for ig 2019,jytanjun@gmail.com
124.    Car Stunts 3D,info@timuz.com
132.    Miga Town: My Store,Support@xihegame.com
126.    Bingo Ball - A ball slots machine game,congwang58@gmail.com
131.    Basic Calculator,melissaklineeasily@gmail.com
125.    Temple Kong,quangnvida@icloud.com
143.    Match 3 App Rewards: Daily Game Rewards,match@differencegames.com
140.    Brightest Flashlight Free,melissaklineeasily@gmail.com
135.    Relax Color - Antistress coloring book for adults,support@ascellamobile.com
137.    Clash of Empires-COE,coe@lemegames.com
"141.    BeMate - Funny Videos, Gifs & WhatsApp Status",patricktim502@gmail.com
136.    KJV Bible App - offline study daily Holy Bible,tonyhuang.1992@outlook.com
142.    CUofCO Mobile Banking,memberservices@cuofco.org
134.    Neopets: Legends & Letters,support@neopets.com.
138.    Gifty - Free Gift Cards & Rewards,marcsoftgines@gmail.com
133.    Meme Rebuke,toplistsgames@gmail.com
139.    Word Insight,elly.wang@avid.ly
150.    New FaceTime to Video Call Advice,wumaxporn@gmail.com
145.    Real Flying Car Transformation Robot Simulator,shaheerakhalid586@gmail.com
153.    Voice Recorder - Audio Recorder & Sound Recording,philmorrisjennifersweet@gmail.com
144.    Archer Fighter: Stickman Fight,visiongamernew1@gmail.com
152.    Real Moto Racing,edmondmitchellgstuartbalaami@gmail.com
146.    Runway Story,help_runwaystory@nexon.com
151.    Alita: Battle Angel - The Game,alita@gameark.game
147.    NINE STONE,3fgame.eod@gmail.com
149.    Slide Up - games for Stories,viralstuffxoxo@gmail.com
154.    Omegle,info@omegamediacorporation.com
148.    Pew News,rodrigo712000@gmail.com
159.    Color Snake Blocks,doglobal523@gmail.com
165.    Torrent Search Engine,app.support.ts@protonmail.com
"160.    Voice Recorder, Audio Recorder & Sound Recording",franciscoshumateatainhandsome@gmail.com
161.    Likes Instagram,petrocoranalyz@gmail.com
162.    FedLoan Student Loans,accountinfo@MyFedLoan.org
"155.    Galaxy Volume Booster ‚Äì Volume Up, Sound Enhancer",nguyenguyen857@gmail.com
157.    Drink Water Reminder - Water Tracker & Alarm,developer@quickatom.com
156.    Accurate Weather Live Forecast App,support@amberweather.com
163.    Pro Editor Camera - Editor&Beauty,amychan19770808@gmail.com
158.    Candy Story,match_three@outlook.com
164.    Moe Sargi App,technology@kanimmedia.com
171.    Magnifying Glass Flashlight,franciscoshumateatainhandsome@gmail.com
166.    Words Survivor,housiyu1009@gmail.com
176.    Max Cleaner,mrui55460@gmail.com
167.    OfferUp buy & sell tips & advices for Offer up,contact@mechya.com
"168.    Photo Editor Pro: Photo Collage, Picture Editor",funtechnology2018@gmail.com
170.    Destroy Magic Bottle,greensavio@gmail.com
173.    Senpai High School Simulator Tips,nelssonmarlyn@gmail.com
175.    Control Center iOS 13,badagame2018@gmail.com
169.    Get Likes and Followers by AI Tags,followersgood2019@gmai.com
174.    Playground: Love,apps-help@google.com
172.    S9 Galaxy Launcher for Samsung,support@amberweather.com
184.    Balls Bounce BricksÔºÅJust Shoot,elly.wang@avid.ly
178.    Fisherman,support@ketchappgames.com
"183.    Magnifier, Magnifying Glass with Flashlight",melissaklineeasily@gmail.com
177.    Stud Finder 2019: Pro Metal Detector,luxuaryapps@gmail.com
182.    Rolling Pops!,devastateddevs@gmail.com
187.    Cute Kitty Caring and Dressup,chicworlddev@gmail.com
181.    Aurora Legend,GGads@rastargz.com
186.    Fashion Shoes Design,ginastarwork@hotmail.com
180.    Movie HD Cinemaxx,boyyatandroid@gmail.com
185.    Free horoscope - Zodiac Signs & Palmistry,karddina5@gmail.com
179.    Manor Diary,manordiary@outlook.com
189.    Watch Active Plugin,gmanager.sec@samsung.com
194.    Police Dog Chase Simulator,shaheerakhalid586@gmail.com
192.    Full Movies Online,maximaxfr88@gmail.com
195.    30 Day Flat ABS Workout for Female,sayreari@gmail.com
191.    Live Chat - Interesting People!,miroslavchursunov@gmail.com
193.    Free Movies 2018,maximaxfr88@gmail.com
198.    Video Downloader ALL,dkdqwddj@gmail.com
196.    Phone Keeper,ashelykzc@gmail.com
197.    Baby Phone 3 in 1 for Kids,oriplay.apps@gmail.com
188.    3D Neon Tec Theme Keyboard,matthewapp.ca@gmail.com
190.    Super PSP Download - Game Premium & Emulator Pro,alwardbernaby@yahoo.com
200.    Monster Truck Demolition Derby Crash Stunts,dolphingames08@gmail.com
"202.    Relax Music - Mediation, Sleep Sound, White Noise",support@ivymobile.com
208.    Jump Ball Zero,AlekseyAlyabyshev@hotmail.com.us
201.    Merge Battle Plane - Idle & Click Tycoon,red.machine.games+merge@gmail.com
205.    Smart Compass,philmorrisjennifersweet@gmail.com
209.    New tips Lego Ninjago Tournament Helper,khardols182@yahoo.com
199.    Nice Love Talks,goodgametmdev@gmail.com
206.    Park of Monster,haowanoa221@gmail.com
203.    Viral Hazard,springbreezekd@gmail.com
207.    Car games for toddlers,admin@bimiboo.com
204.    Bump Hit 3D,luckypatty7453@gmail.com
212.    Stickman Gangsters City,prece9120569@gmail.com
218.    Mister Cleaner,bigfstudioss@gmail.com
213.    Ball Smasher,hello@lionstudios.cc
219.    Bloons Supermonkey 2,support@ninjakiwi.com
"214.    Astrology horoscope, palm reader, tarot: Astroline",publisher@adwebmart.com
220.    Painting Number,arvingyx@gmail.com
211.    Weather radar & Global weather checker,support@amberweather.com
210.    Feed Metal Shark Fish Simulator,ara_dev@yahoo.com
215.    Recover deleted photos - Best photo recovery app,hoangthuan549@gmail.com
216.    Rabbit Jumping,lichen@do-global.com
217.    Local Hookup - Discreet Adults Only Dating App,welcome@mobiap.club
222.    Roller Paint,michalino100@gmail.com
224.    Link Master,applicationcodders@gmail.com
226.    Happy Cooking: Chef Fever,jwu898@163.com
221.    Ricardo Meme Button,joaquinlopez4502@gmail.com
230.    Make Money Online& Work From Home Ideas,kar.yer22751@gmail.com
225.    Tricky Taps,WeCare@tabtale.com
229.    Burp Sound Button,joaquinlopez4502@gmail.com
231.    The King Of Gun Battle 3D,huifeigame@gmail.com
227.    Horse Robot Transformation Simulator,shaheerakhalid586@gmail.com
228.    Mini Browser-Private Search&Video Downloader,goookeeper@gmail.com
223.    Hiby Messenger,vukireaithanh@gmail.com
240.    Weather Forecast & Widgets & Radar,wangyuewangyue17@gmail.com
237.    The Pause Challenge,baptistelemairekot@gmail.com
242.    MangaBB - Free Manga Reader,itphuthopro@gmail.com
232.    Messages Plus for SMS & MMS,qzhou5580@gmail.com
236.    Baby Panda's Airplane,ser@babybus.com
233.    Slow Jams RnB Soul Mix & Radio,haivinh0001@gmail.com
239.    US Army Secret Agent Mission,shaheerakhalid586@gmail.com
238.    Boas.io Snake vs City,info@clown.gs
234.    All Social,duongtunghrin@gmail.com
235.    My Billionaire Girlfriend: Romance You Choose,support@gen-ius.com
241.    GUIDE HELLO NElGHBOR CRAZY MAP TIPS AND TRICK,escaleexpress@support.com
251.    Mahjong HD: Spring Journey Solitaire,mahjong@differencegames.com
243.    Dinosaur Counter Attack,milliongamesnew@gmail.com
252.    Solitaire,qyh2018@outlook.com
245.    Cars Merger Bravo,ryan.hamilton11@gmail.com
253.    Coin Rewards : free coin and spin daily link,pixygamestudio@gmail.com
246.    Cancer Risk Calculator,timo.du.four@gmail.com
"248.    Voice Recorder, Audio Recorder & Sound Recording",stewardfrancisdavid@gmail.com
249.    A Funny Call From Jojo Siwa : Simulation,dfelleni@gmail.com
250.    Hyperspeed - Race with Friends,support@teatime.games
247.    Ringtones For Android Phone Free,hellokhoidev@gmail.com
244.    Alarm Clock,stewardfrancisdavid@gmail.com
262.    Don't Kill the Knight,doglobal523@gmail.com
"254.    Magnifying Glass - Zoom Camera, Flashlight",paulhardyspeedman@gmail.com
258.    Watermelon Ice Cream and Candy Cooking,glammyclubdev@gmail.com
264.    Old 80s Games Classic 90s Retro Gaming - 52 IN 1,forfungbcstory@gmail.com
260.    3D Classic Business Red Black keyboard Theme,matthewapp.ca@gmail.com
256.    Yo Zombies!,info@razgames.com
255.    Mommy and Little Baby Laundry Day,girlyappsdev@gmail.com
263.    AnimeFanzTube - Best Anime App,fleeksoft@gmail.com
259.    Bike Race 2019 Free,lightowlentertainment@gmail.com
257.    Brightest Flashlight Free,lurajessebrown@gmail.com
261.    My Jackson EMC,info@jacksonemc.com
273.    Good Movies to Watch - Latest Film Reviews Ratings,milosmobiles@gmail.com
268.    Simulator Girls High School Knowledge,nicholasmilton88@yahoo.com
"274.    Face Analysis - Horoscope, face value competition",shenzhendl2018@sina.com
269.    Wild Horse Family Simulator : Horse Games,youhandleit@gmail.com
266.    Spin Master - Updated Blog,advadeveloper@gmail.com
275.    Real zombie hunter 2: FPS Shooting in Halloween,info@gamesentity.com
267.    Critical Sniper Shooting- New modern gun fire game,vevecaqz@gmail.com
270.    Voice editor - voice recorder & sound effects.,hoangthuan549@gmail.com
271.    Rings,info@malooco.com
272.    RnB Music,huyen110394@gmail.com
265.    Bubble Bot Rescue,support@ilyon.net
276.    FPS Counter Attack - Critical Strike,info@timuz.com
278.    Make Real Money Online - Microjobs on the internet,hamit_23_25@hotmail.com
284.    Angry Anaconda City Attack Simulator,gamescastle2016@gmail.com
282.    Fish Hunter - Fishing Bonus Party,fishingbonus@gmail.com
277.    Easy Cleaner and Booster,myngoctranfisty4@yahoo.com
281.    Race Runner,connixgames@gmail.com
285.    Mobile Tracker In English,jorgevalvedeveloper@gmail.com
286.    One Gun & Stickman,amelindda172@gmail.com
283.    Home Designer - Match + Blast to Design a Makeover,tamalaki@flashgamelicense.com
280.    ChaosFighters3,kefu@more2.cn
279.    Vegas Party Slots--Double Fun Free Casino Machines,slot@mangolee.com
292.    Browse RedBubble (no ads),hi@trouvix.com
297.    Watch Free Movies,zeetoben87@gmail.com
291.    ZombieDrive : Survival and Craft,gamecopssup@gmail.com
287.    My Police Girlfriend: Romance You Choose,support@gen-ius.com
295.    7 Minute Women Workout - Weight Loss Fitness,fivestars68studio@gmail.com
296.    Stud Finder,studfinder.endoscope@gmail.com
289.    Galaxy Spinner,support@ilyon.net
293.    Grass Maze,asd448686@gmail.com
288.    Bubbles Risk : Offline Game,support@ilyon.net
294.    I am A Super Star,ginastarwork@hotmail.com
290.    Candy Blast,someone0322@outlook.com
301.    Bubble Shooter 3D,krivsoft@gmail.com
307.    Coin and Spin Reward : Daily free updated link,crazygammer03@gmail.com
302.    Free Movies And Series In English,victormelo93developer@gmail.com
308.    Big Bang AR,big-bang-ar@cern.ch
299.    GT Racing Car City Stunt,feedbackofgamingos@gmail.com
303.    Cleo,team@meetcleo.com
304.    Lucky Billionaire Slots:Las Vegas Casino,yunma197@gmail.com
298.    Yahoo Messenger Chat,onlinechatworld24x7@gmail.com
305.    Amazing frog simulator game 2019 walkthrough,pernah@gmail.com
300.    Titan Browser - Incognito & Safe Web Browser,titanbrowser@outlook.com
306.    Crime Miami Gangster Car Driving & Shooting,feedbackrgs@gmail.com
310.    Call Recorder - Auto Call Recorder,tyou13183.cym588@gmail.com
314.    Emulator for Genesis MD üéÆ Play Genesis MD Games,Benjamin.Daniels5204@gmail.com
317.    Simple Compass,melissaklineeasily@gmail.com
313.    Arcade-for galaga,galg.4cade@outlook.com
316.    Neon Tech Skull Themes HD Wallpapers 3D icons,nanxiliu75@gmail.com
309.    Magic Pop Madness,support@ilyon.net
315.    Brightest Flashlight Free,paulhardyspeedman@gmail.com
318.    Sordwin: The Evertree Saga,support-sordwin-gps@hostedgames.org
311.    Train Driver 2019,info@timuz.com
319.    RunningMan,zhaojunfei66@gmail.com
312.    Sports Battle - Soccer,hopkins.joseph@gmail.com
323.    Tuner Radio Pro,musicradiooffical@gmail.com
320.    4x4 Offroad Champions,gtactiongames@gmail.com
327.    All in 1 NES/FC Simulator-Free,t163mv@yeah.net
326.    Crafting and Building 2,owlsgame@support.us
324.    Video Maker ‚≠ê Edits - Magic Music Video Maker,recommended.apps2019@gmail.com
321.    SUPER SCRAP SANDBOX: BECOME A MECHANIC INSTRUCTION,padeidea@support.com
330.    3D Crimina Frog Game Amazing Adventure,Cecil.H.Estabrook@gmail.com
322.    New Movies 2019 - Watch HD Movies,tubuhbahasa92@gmail.com
329.    Cute & Tiny Baby Fashion - Design & Dress Up Fun,info@zaidimustudija.lt
325.    Compass,stewardfrancisdavid@gmail.com
328.    Loyalty for Love: Romance You Choose,support@gen-ius.com
332.    Real Gangster City Chinatown,feedbackrgs@gmail.com
333.    Bitlife 2019 Tips,dkihys@gmail.com
340.    Sleep Tight Fan,eutality@gmail.com
341.    Bookful,support@inceptionxr.com
337.    MSNBC News Live,sadatu2019@gmail.com
336.    Simple Cooler Pro,alfieturner5421@gmail.com
339.    Carter on the Go,CustomerService@CarterBankandTrust.com
331.    Domino Online,jacobjones7988@gmail.com
338.    Translate All Language - Voice Text Translator,toptapapp@gmail.com
335.    Ringtones Free Songs,hieutoducdev@gmail.com
334.    Mini Modern City Craft,fuyufiona1993@gmail.com
346.    Magic Jewel Garden,lastappnick@yahoo.com
348.    Master Of Spin and Coins 2019,manshi.jadav03@gmail.com
349.    HD Movie Editor - Video Maker For iiMovie,moviemagic.toolall@gmail.com
343.    Nun Neighbor Escape from Evil,spectaculargamescompany@gmail.com
350.    Ski Station,support@greenpandagames.com
351.    Great Love Communication,goodgametmdev@gmail.com
345.    Education Galaxy Connect,jeremy@educationgalaxy.com
347.    Pixelmon go craft story build:,dimaingush47@gmail.com
342.    Paper Throw - Aim and Toss,funmonkeyltd@gmail.com
352.    Crime Car City Gangster Shooting,feedbackrgs@gmail.com
344.    Manga Allstar,esoulhk2@gmail.com
358.    CNT sport play en vivo,yoselynsinch20@gmail.com
363.    Love Plan: Otome games english free dating sim,support+googleplay_loveplanforeign@appli-contact.mobi
359.    Fancy Black Car Launcher Theme Live HD Wallpapers,yuanpmo@gmail.com
362.    Euro Truck Parking Simulator,virtualgame3d@gmail.com
354.    VariedShoes,variedshoes@outlook.com
353.    BlueFace musics  // without internet,ozgursafet@gmail.com
357.    Playground: Japanese Phrases,apps-help@google.com
361.    dream garden blossom,okliu666sz@gmail.com
356.    Easy Touch - HomeTouch & Assistive Touch,tienlongnguyen_999@gmail.com
360.    Puzzle Blast,blastandmatchcasualgame@gmail.com
355.    Stud Finder And Stud Detector,fisun16bayar@gmail.com
364.    Puppy Pug House Decoration,girlyappsdev@gmail.com
368.    Jackpot Spin Casino - Free Slots,danieldee1869@gmail.com
372.    Smart Saver OK,googleapps@rsaamerica.com
374.    QR Code Reader & Barcode Scanner,phonetooldev@gmail.com
367.    Baltis New Guia 2019,devapp.gam@gmail.com
369.    College Lacrosse 2019,carlo@crossestudios.com
370.    Flash Lights Keyboard Theme,teresalgp94@gmail.com
371.    New Fake Call From Ryan_Toys,charlokkrimo@gmail.com
366.    Tower Defense: Galaxy V,yuq229@gmail.com
365.    Bloom - Secure Identity,support@bloom.co
373.    africa legend,okliu666sz@gmail.com
380.    MILITARY STAR¬Æ Mobile,MilitaryStarApp@aafes.com
376.    find pyramid treasure,okliu666sz@gmail.com
384.    Live Earth Cam,oscarsapps2019@gmail.com
383.    Chicken Dinner Launcher Theme Live HD Wallpapers,yuanpmo@gmail.com
379.    PMN Red and Blue Classic,hindiana50@gmail.com
385.    Baby Shapes for Kids,oriplay.apps@gmail.com
382.    LWholesale Fashion Shopping,lovely-wholesale-rotita-shopping-app@usa.com
375.    Digital compass - Navigation Map new 2019,zerotwo2409@gmail.com
378.    Guide Biugo + Cut Cut Editor Video Magic,muridmantan@gmail.com
377.    Neighbor's Family Secret,spectaculargamescompany@gmail.com
381.    Curso De Ingl√©s Gratis 100%,android@aprendiendoingles.online
389.    Marshmello Piano Tiles DJ,div.bestapp.studio@gmail.com
390.    Carzy Shopping Go,ginastarwork@hotmail.com
396.    Cut.io : Keep the tail,grilledonion.cs@gmail.com
386.    Daily Spin Coin Reward Link,ktkeyur@gmail.com
387.    Fantasy Fairy Garden Secrets,TheBestARAppsAndGames@gmail.com
392.    Offline Music Player - Volume Booster & Equalizer,franciscoshumateatainhandsome@gmail.com
391.    Gluwards - Ganar Dinero,danieldani2407@gmail.com
395.    RC Car Racer: Extreme Traffic Adventure Racing 3D,admin@monstergamesproductions.com.au
394.    LingoDeer Plus - Language Skill Training,support@lingodeer.com
388.    likes for IG,romislet@gmail.com
393.    Kwik Rewards Fleet,mobiledev@kwiktrip.com
402.    Mermaid Secrets29‚ÄìSecret Leak for little mermaid,info@joyplustech.net
403.    Hide And Seek From Hello Neighbor - Tips,noter.loney@gmail.com
404.    Microcraft: Crafting & Building - Exploration,serdukmihajlo8@gmail.com
405.    ÁÑöÊÉÖË®£,service@springgame.com
400.    Impossible Mega Ramp Stunts 3D,mtsfreegames2018@gmail.com
399.    City Taxi Cab Driver - Car Driving Game,gamemaxstudio1@gmail.com
406.    Lucky Pie - Plate food with tasty slices,info@ouzo.games
398.    Battle Royale Wallpapers HD (Season 8),namelesss.studios@gmail.com
397.    Miner Empire Idle Clicker Game,support@studioxglobal.com
401.    Bingo Club,funbingoclub@gmail.com
407.    FORTNITE DAILY ROYAL BATTLE CLIPS,Obitech9ja@gmail.com
416.    Super Football Match,husedrtywde25896@gmail.com
410.    Crazy granny map,kssitom@gmail.com
415.    Free Wifi Password Key Generator,serioussoftgames@gmail.com
414.    Extreme Crime City Chinatown Theft,feedbackblackstar@gmail.com
408.    Super Jungle World - New 2019,haydar.oujda76@gmail.com
413.    My Fashion Dress Dream - Top Dressup,ginastarwork@hotmail.com
409.    Pally Live Video Chat & Talk to Strangers for Free,admin@pallylive.com
418.    Animal Town - My Squirrel Home for Kids & Toddlers,support@idzdigital.com
412.    Rampage Bull Fighting,shaheerakhalid586@gmail.com
417.    HD Box Show Movie - Free Movies & TV Shows 2019,vhormui@gmail.com
411.    Police Car Simulator - Cop Chase,gamepicklestudios@gmail.com
421.    Prison Escape-Survival Task,chenxq40358@gmail.com
429.    Borderlight Live Wallpaper,jboudny0@gmail.com
422.    Real Bottle Shooting Game,zainulabiden763@gmail.com
427.    Extreme Mountain Bike Race ‚Äì Snow Motocross Racing,immigamingstudios@gmail.com
425.    Likes on Instagram,darnocorpcom@gmail.com
428.    TriPeaks Solitaire - Best Time Killer,zentertain.ltd3@gmail.com
426.    Hungry Crocodile Simulator,shaheerakhalid586@gmail.com
419.    Premier Credit Union,accounting@premiercu.org
423.    PTC E-ZPass,mobilesupport@ezpass.csc.paturnpike.com
420.    ClickLoan ‚Äì Fast Loans Online,vladislavme80@gmail.com
424.    Ancient Artifacts - Find The Missing Objects,TheBestARAppsAndGames@gmail.com
439.    Natural Products Expo,sherpasolutions.android@gmail.com
436.    Touchgrind bmx 2',dreamalb12@gmail.com
431.    New Free HD Movies Full 2019,masihmales@gmail.com
430.    Mandala coloring games - Coloring book for adults,hoan.muniver@gmail.com
433.    Ninja Shadow Turtle: Superhero City 3D,berj.hero06@gmail.com
440.    Cooking Foods in Outdoor Kitchen,glammyclubdev@gmail.com
432.    Green Tunnel Caller Screen,myfeedback001@gmail.com
438.    WoodieHoo Dress Up: Animal Fun,Entwickler@superrtl.de
437.    Heroes Rush: Clash Lords,slgfreegame@gmail.com
435.    Pretend Play in Hospital: Fun Town Life Story,minigamersclub@gmail.com
434.    Music Player - Offline Music Player & MP3 Player,stewardfrancisdavid@gmail.com
448.    3D Pink Rose Live Wallpaper,support@amberweather.com
443.    GoIPTV M3U,themovieapiptv@gmail.com
449.    Flying Robot Car Transform,Hua.official@Gmail.com
444.    Beat The Puppet,support@hgames-artworks.com
450.    –°h–∞t with Jojo Siwa,PeterWatsonnX@gmail.com
445.    C2E2,letusknow@aloompa.com
451.    Marshmellow Wallpaper HD,medm9742@gmail.com
442.    Advance Police Car Transport 2019,shaheerakhalid586@gmail.com
446.    Sonic Crash Dash,riwaqgpd77@gmail.com
441.    App Lock,wping2019@gmail.com
447.    TestIT,connect@naco.org
455.    Orange County Credit Union,eservices@orangecountyscu.org
459.    Evade Red,hhyiwwy@gmail.com
461.    MJR Mobile,jkincaid@mjrtheatres.com
454.    Cool Love Talk,goodgametmdev@gmail.com
457.    L.O.L. Surprise Supermarket,l.o.l.dolls@mgae.com
453.    Creepy Smile Man Themes HD Wallpapers 3D icons,theme.launcher.feedback@gmail.com
456.    Earth Online Live World Navigation & Webcams,hiclassapps@gmail.com
462.    Beam Drive NG Death Stairs Car Crashs,gamingzoone.inc@gmail.com
460.    Vevo Hollywood Song,bapspravachan00@gmail.com
458.    Angry Granny: Racing Car,buffalo.meme8481@gmail.com
452.    Difference Find Master,the.4th.hometown@gmail.com
465.    Pixel Zombie Hunter,help@mobirix.com
473.    Shadow,support@blade-group.com
472.    Orange Live Video Chat - Meet new people,help@coconutlive.com
471.    Balls vs Circles,greensavio@gmail.com
467.    Ben Ultimate 10 Immortal Alien : Super Revenger,contact@veelda.fun
469.    Me+Moo: Connected Farm Experience,5gruralfirst@chime-tech.com
463.    Granny Running: Angry Run,redrose.mclaren93@gmail.com
468.    Offroad Extreme GT Bike Racing Stunts 2019,xtremeblueapps@gmail.com
466.    Driver Simulator - Fun Games For Free,oppanagames@gmail.com
470.    Snowboard Craft: Building & Exploration Snow Games,admin@fatlion.games
464.    ZigZag Soccer,hhyiwwy@gmail.com
474.    Fearless BMX Rider: Extreme Racing 2019,immigamingstudios@gmail.com
"482.    Craft Apex Legends: pixel shooter, battle royale",garozi.gplay@gmail.com
483.    Onet Connect,bluetoothremote@xomian.net
484.    What's Latest On Nnetflix TV Series,ansalka57@gmail.com
480.    Live Blue Fire Keyboard Theme,teresalgp94@gmail.com
478.    Woody,info@malooco.com
476.    Colorful Cartoon Lovely Animal Emoji Theme,strucktart@gmail.com
475.    WM-AR-X,info@eyekandy.com
479.    Horse Craft,paroblum@gmail.com
477.    Crash Adventure,firdaamanatul346@gmail.com
481.    Snow Mountain Bike Racer Stunt 2019,gamemaxstudio1@gmail.com
494.    Piano Cat 2019,hippomobile2018@gmail.com
"488.    Sky Cleaner - Phone Cleaner, Booster &Apps Manager",caryljoybengil1987@yahoo.com
490.    Buy For Less OK,googleapps@rsaamerica.com
495.    Music download : mp3 player & video downloader,moad.superDbz910@gmail.com
493.    Tattoo Girl Art Themes HD Wallpapers 3D icons,theme.launcher.feedback@gmail.com
489.    US Sports News Network,ussportsalbreakingnews@gmail.com
492.    Moviebox - Free Movies & Tv Shows,bzzz505@gmail.com
487.    Love Gif 3D,info.greetingswishes@gmail.com
485.    StarFleet Commander,lijianhua3721@gmail.com
491.    Jeep Car Parking Simulator,support@trendentertainmentgames.com
486.    Step Counter App: Weight Loss & Relaxing,kimngocthuan100392@gmail.com
504.    2019 Keto Diet,2017339473zziy@gmail.com
499.    Mod For Pixelmon,mezzosoon@gmail.com
505.    Candy Match Pop,grilledonion.cs@gmail.com
500.    Battle Royale OG FREE Skins FBR 2019,JonathanFBR@gmail.com
496.    Extreme Bike Race 2019,milliongamesnew@gmail.com
506.    Cool Love Math,melihovapps98@gmail.com
"497.    Music Player - Audio Player, EQ & Bass Booster",philmorrisjennifersweet@gmail.com
501.    How To Get Free Robux - New Tips 2k19,play.jafar@gmail.com
502.    Watch New Movies 2019 - HD Movie Free Online,mumucorp2018@gmail.com
503.    Granny Neighbor. Terrible Secret,spectaculargamescompany@gmail.com
498.    Fire Weed Rasta Themes HD Wallpapers 3D icons,nanxiliu75@gmail.com
509.    Super Sonic - Snow Adventure,tuyenhetreaill@gmail.com
510.    WiFi Warden - WiFi Analyzer & WiFi Blocker,hopejackgao2019@gmail.com
513.    Calculator Pro ‚Äì Solve math by CAMERA,photocollagepro2019@gmail.com
"517.    Hapo - Funny Videos, GIFs & Photos",support@hapoapp.com
508.    Santa Biblia Reina Valera 1960,manuelitosanza19@gmail.com
512.    TV Mexico - TV en Vivo de Mexico y America Latina,celmiramix@gmail.com
514.    High School Girls Simulator 2019 walkthrough,pernah@gmail.com
507.    Goalsetter,hello@goalsetter.co
511.    Contractor estimate & invoice maker,support@invoicesimple.com
515.    Gold Phone Saver,bestgidapp@gmail.com
516.    Free Translator 2019 : Voice & Language Translate,alstoneapps@gmail.com
522.    Anime Girls - Color by Number,ZVector.Studio@gmail.com
528.    File Transfer,marui.2018.001@gmail.com
519.    Creepy Red Smile Keyboard Theme,stevesmidt30@gmail.om
523.    Freelancer Simulator Inc : Game Dev Clicker,support@medugame.com
518.    Throw Ball,devshanely@gmail.com
524.    Video Toca Hair Salon,bogelrejo3@gmail.com
525.    Human Gangs - Floppy Fight Falls,GreenKiviSharm@gmail.com
520.    Guns mod,lesaviktorov5@gmail.com
526.    Drag Bike Racers,gtactiongames@gmail.com
521.    Color Phone Flash Themes & Color Phone LED Flash,mohanbharti10@gmail.com
527.    Bro Guns,gemgames.ru@gmail.com
529.    StockPlan Connect,stockplanconnectms@morganstanley.com
537.    Playbook,wojo@playbookapp.io
535.    Monster Truck : Derby Snow Stunts 2019,xtremeblueapps@gmail.com
536.    Bricks Balls Puzzle,jessica8899candy@gmail.com
539.    St.Patrick's Day Live Wallpaper HD,goldsmartcorp@gmail.com
533.    Senpai High School Simulator Knowledge,sorayaagbani@gmail.com
530.    Candy Girl - Cute Match 3 Puzzle Game,cs@mobowl.net
538.    Holland America Line Navigator,support@hollandamerica.com
532.    Assistant For Apex Legends,bhatta.darshan26@gmail.com
534.    CrewBuddy 2,android@wapitisoftware.com
531.    Stick Warriors,gds.blessed.12047@gmail.com
540.    Euro Truck Transport Cargo Simulator,feedbackofgamingos@gmail.com
